NAME,COMCODE
COMPANY 111,10121000
COMPANY 112,10129100
COMPANY 113,10129900
COMPANY 114,10130000
COMPANY 115,10190000
COMPANY 116,10121000
COMPANY 117,10129100
COMPANY 118,10129900
COMPANY 119,10229590
COMPANY 120,10229610
COMPANY 121,10229690
COMPANY 122,10229910
COMPANY 123,10229990
COMPANY 124,10231000
COMPANY 125,10239100
COMPANY 126,10239900
COMPANY 127,10290200
COMPANY 128,10290910
COMPANY 129,10290990
COMPANY 130,10310000
COMPANY 131,10391100
COMPANY 132,10391900
COMPANY 133,10392110
COMPANY 134,10392190
COMPANY 135,10229610
COMPANY 136,10229690
COMPANY 137,10229910
COMPANY 138,10229990
COMPANY 139,10231000
COMPANY 140,10239100
COMPANY 141,10239900
COMPANY 142,10290200
COMPANY 143,10290910
COMPANY 144,10290990
COMPANY 145,10310000
COMPANY 146,10391100
COMPANY 147,10391900
COMPANY 148,10392110
COMPANY 149,10392190
COMPANY 150,10229290
COMPANY 151,10229410
COMPANY 152,10229490
COMPANY 153,10229510
COMPANY 154,10229590
COMPANY 155,10229610
COMPANY 156,10229690
COMPANY 157,10229910
COMPANY 158,10229990
COMPANY 159,10231000
COMPANY 160,10239100
COMPANY 161,10239900
COMPANY 162,10290200
COMPANY 163,10290910
COMPANY 164,10290990
COMPANY 165,10310000
COMPANY 166,10391100
COMPANY 167,10391900
COMPANY 168,10392110
COMPANY 169,10392190
COMPANY 170,10392900
COMPANY 171,10410100
COMPANY 172,10410300
COMPANY 173,10410800
COMPANY 174,10420100
COMPANY 175,10420900
COMPANY 176,10511110
COMPANY 177,10511190
COMPANY 178,10511910
COMPANY 179,10511990
COMPANY 180,10512000
COMPANY 181,10121000
COMPANY 182,10129100
COMPANY 183,10129900
COMPANY 184,10130000
COMPANY 185,10121000
COMPANY 186,10129100
COMPANY 187,10129900
COMPANY 188,10130000
COMPANY 189,10121000
COMPANY 190,10129100
COMPANY 191,10129900
COMPANY 192,10130000
COMPANY 193,10229610
COMPANY 194,10229690
COMPANY 195,10229910
COMPANY 196,10229990
COMPANY 197,10231000
COMPANY 198,10239100
COMPANY 199,10239900
COMPANY 200,10290200
COMPANY 201,10290910
COMPANY 202,10229610
COMPANY 203,10229690
COMPANY 204,10229910
COMPANY 205,10229990
COMPANY 206,10231000
COMPANY 207,10239100
COMPANY 208,10239900
COMPANY 209,10290200
COMPANY 210,10290910
COMPANY 211,10290910
COMPANY 212,10229610
COMPANY 213,10229690
COMPANY 214,10229910
COMPANY 215,10229990
COMPANY 216,10231000
COMPANY 217,10239100
COMPANY 218,10239900
COMPANY 219,10290200
COMPANY 220,10290910
COMPANY 221,10290910
COMPANY 222,10290910
COMPANY 223,10290910
